{"cameraMode":{"drawMode":0,"name":"Shaded","section":"Shading Mode"},"sceneLighting":true,"audioPlay":false,"sceneViewState":{"showFog":true,"showMaterialUpdate":false,"showSkybox":true,"showFlares":true,"showImageEffects":true,"showParticleSystems":true,"showVisualEffectGraphs":true,"m_FxEnabled":true},"in2DMode":false,"pivot":{"x":-0.13818883895874024,"y":-21.86798858642578,"z":-18.526512145996095},"rotation":{"x":-0.39426806569099429,"y":0.012951974757015705,"z":-0.005563151091337204,"w":-0.9188991785049439},"size":595.6537475585938,"orthographic":false}